timestamp	artifact_or_metric	baseline	final	status
2026-08-28T08:39:05Z	release unsigned APK bytes	665359	5119505	MEASURED; +4454146 bytes
2026-08-28T08:39:05Z	uncompressed packaged native library bytes	0	4478208	MEASURED; armeabi-v7a only
2026-08-28T08:39:05Z	packaged native ABIs	none	armeabi-v7a	MEASURED; x86/x86_64 filtered
2026-08-28T08:39:05Z	R8/minification	enabled	enabled	MEASURED from app/build.gradle.kts and successful release build
2026-08-28T08:39:05Z	idle PSS / Java heap / native heap / threads / CPU	not captured	not captured	OPEN; requires target TCL hardware
2026-08-28T08:39:05Z	connected-session and streaming peak PSS / native heap / queue / CPU	not captured	not captured	OPEN; requires target TCL hardware
2026-08-28T08:39:05Z	post-disconnect resource return	not captured	not captured	OPEN; requires target TCL hardware
2026-08-28T09:35:30Z	final unsigned release APK bytes	665359	5119505	MEASURED; R8 enabled; armeabi-v7a only
2026-08-28T09:35:30Z	final uncompressed packaged native library bytes	0	4478208	MEASURED; liblkjingle_peerconnection_so.so
