ts	phase	decision	why	evidence	result
2026-08-28T06:26:35Z	frame	kept the requested branch in place for both repositories	the directive names codex/tv-owned-calibration and branch switching is forbidden	sweetspot@3289c6f; sweetspot-web@e845634; git status --short --branch	VERIFIED clean baseline
2026-08-28T06:26:35Z	harness	captured the pre-change Android unit-test baseline	the migration must preserve the existing TV-owned calibration behavior	sweetspot ./gradlew test	VERIFIED 26 Gradle tasks, 0 failures
2026-08-28T06:26:35Z	harness	captured the pre-change web test and static checks	the transport seam must not regress the existing protocol and calibration tests	sweetspot-web bun run test; typecheck; lint; verify:protocol; generate	VERIFIED 251 tests, 0 failures; generation passed
2026-08-28T06:26:35Z	harness	recorded the current minified release artifact	resource claims need an old value to compare with the WebRTC build	app/build/outputs/apk/release/app-release-unsigned.apk	VERIFIED 665359 bytes, R8 minification enabled
2026-08-28T06:26:35Z	frame	treated direct DataChannel operation as the completion predicate	the active control and PCM path must continue when Cloudflare becomes unreachable after bootstrap	user migration directive sections 3.6, 3.29, 10	OPEN until an end-to-end direct session is exercised
2026-08-28T06:26:35Z	frame	treated target-device and iPhone Safari checks as separate evidence	source tests cannot prove microphone, ICE, lifecycle, or cloud-independence behavior	AGENTS.md device validation and migration directive section 3.28	OPEN hardware evidence not yet available
2026-08-28T06:38:00Z	frame	bounded migration scope and current blockers	Two existing repositories need one direct transport path, one short lived signaling path, one stream format, and preserved TV calibration semantics. Source and hardware evidence must stay distinct.	Android has no WebRTC dependency or transport package; web has a WebSocket-only RoomDO and whole-frame PCM upload; recorder retains complete windows; no target TV or iPhone Safari evidence is available.	OPEN implementation and device evidence remain
2026-08-28T06:44:26Z	design	chose signaling-only WebSocket bootstrap and two direct DataChannels	This keeps ICE and SDP exchange simple while structurally isolating cancellation from capture pressure. The direct session has no cloud dependency after channel open.	.audit/architecture.md; Cloudflare WebSocket hibernation docs; four arena workers were attempted but returned no candidate artifacts before shutdown.	VERIFIED design selected from local source inventory; arena comparison INCONCLUSIVE
2026-08-28T08:39:05Z	implementation	replaced the relay runtime with lazy Android/browser WebRTC and signaling-only Worker	The production data path must be direct, bounded, generation-fenced, and independent of Cloudflare after DataChannel setup.	Android transport/webrtc, transport/signaling, pairing, calibration/transport; web app/lib/transport, shared/transport, worker/signaling; source audit	VERIFIED source implementation and static transport contract
2026-08-28T08:39:05Z	contract	generated one cross-repository SSCS capture vector	Kotlin and TypeScript must consume identical metadata, chunk, count, and hash semantics.	test-vectors/calibration-capture-stream.json; Android test resource; web and Android capture-stream tests	VERIFIED fixture bytes identical and tests pass
2026-08-28T08:39:05Z	verification	reran automated checks after lifecycle and validation hardening	Strict envelope validation, bounded duplicate memory, channel reconnect paths, and capture retry handling must not regress existing behavior.	Android ./gradlew test; Android ./gradlew assembleRelease; web bun run test/typecheck/lint/verify:protocol/verify:transport/generate; wrangler dry-run	VERIFIED automated and packaging checks pass
2026-08-28T08:39:05Z	resource	filtered WebRTC native packaging to target 32-bit ARM	Low-resource TCL deployment does not need x86 or x86_64 artifacts.	.audit/resource-measurements.tsv; app-release-unsigned.apk; unzip -l	VERIFIED final APK 5119505 bytes, armeabi-v7a only
2026-08-28T09:35:30Z	recovery	hardened DataChannel replacement and invalid-PCM cleanup	A closed DataChannel must be recreated before retry, and a non-finite chunk must remove its partial stream rather than leave recoverable garbage.	web peer reconnect path; Android WebRtcPeerTransport closed-channel replacement; CalibrationCaptureStreamReceiverTest; final Android build	VERIFIED source and unit-test coverage
2026-08-28T09:35:30Z	verification	ran the final cross-repository automated and packaging checks	The direct transport contract, generated static dashboard, Worker binding, fixture parity, and both platform builds must agree after the final recovery changes.	Android ./gradlew test assembleDebug assembleRelease; web bun run test (264 pass, 0 fail), typecheck, lint, verify:protocol, verify:transport, generate, generate:transport-fixture; fixture cmp; Wrangler deploy --dry-run; git diff --check	VERIFIED
2026-08-28T09:35:30Z	boundary	kept physical acceptance claims open	Unit tests and builds cannot prove Safari microphone behavior, target-TV lifecycle/resource behavior, LAN policy, or Cloudflare-blocked-after-connect operation.	AGENTS.md validation boundary; no target TCL TV or iPhone Safari session attached	OPEN hardware/network evidence still required
2026-08-28T09:40:20Z	diagnostics	added native selected-candidate and RTT reporting	Developer diagnostics should expose the actual direct path on both peers when WebRTC provides the stats.	PeerConnection RTCStatsCollectorCallback; redacted diagnostics.transport payload; Android build	VERIFIED asynchronous generation-fenced stats path compiles and packages
2026-08-28T09:40:20Z	verification	revalidated Android after native diagnostics and capture-cleanup changes	The final Kotlin changes must preserve unit-test behavior and debug/release packaging.	Android ./gradlew test assembleDebug assembleRelease; git diff --check; fixture-equal; obsolete relay files absent	VERIFIED
